,Company,TypeName,Inches,ScreenResolution,Cpu,Ram,Memory,Gpu,OpSys,Weight,Price
999,HP,Ultrabook,14.0,Full HD 1920x1080,Intel Core i7 7500U 2.7GHz,8GB,512GB SSD,Intel HD Graphics 620,Windows 10,1.48kg,111301.92
1000,Acer,Gaming,15.6,IPS Panel Full HD 1920x1080,Intel Core i7 7700HQ 2.8GHz,8GB,128GB SSD +  1TB HDD,Nvidia GeForce GTX 1050,Windows 10,2.7kg,67132.8
1001,HP,Notebook,13.3,IPS Panel Full HD 1920x1080,Intel Core i5 7200U 2.5GHz,8GB,256GB SSD,Intel HD Graphics 620,Windows 10,1.34kg,63349.92
1002,Dell,Notebook,15.6,1366x768,Intel Core i3 7100U 2.4GHz,4GB,128GB SSD,Intel HD Graphics 620,Windows 10,2.18kg,29144.16
1003,HP,Notebook,14.0,1366x768,Intel Core i5 7200U 2.5GHz,4GB,500GB HDD,Intel HD Graphics 620,Windows 10,1.64kg,41505.119999999995
1004,Toshiba,Notebook,13.3,Full HD 1920x1080,Intel Core i5 6200U 2.3GHz,4GB,128GB SSD,Intel HD Graphics 520,Windows 10,1.2kg,63669.6
1005,HP,Notebook,14.0,1366x768,Intel Core i5 6300U 2.4GHz,4GB,256GB SSD,Intel HD Graphics 520,Windows 10,1.48kg,58607.46719999999
1006,HP,Notebook,14.0,Full HD 1920x1080,Intel Core i5 7200U 2.5GHz,4GB,256GB SSD,Intel HD Graphics 620,Windows 10,1.95kg,64202.399999999994
1007,HP,Ultrabook,14.0,Full HD 1920x1080,Intel Core i7 6600U 2.6GHz,8GB,256GB SSD,Intel HD Graphics 520,Windows 7,1.43kg,77202.72
1008,HP,Notebook,14.0,Full HD 1920x1080,Intel Core i5 7200U 2.5GHz,8GB,256GB SSD,Nvidia GeForce 930MX,Windows 10,1.64kg,55904.5728
1009,HP,Notebook,14.0,1366x768,Intel Core i3 7100U 2.4GHz,4GB,500GB HDD,Intel HD Graphics 620,Windows 10,1.64kg,36443.52
1010,Dell,Gaming,15.6,Full HD 1920x1080,Intel Core i5 7300HQ 2.5GHz,8GB,1.0TB Hybrid,Nvidia GeForce GTX 1050,Windows 10,2.65kg,50562.72
1011,HP,Ultrabook,12.5,Full HD 1920x1080,Intel Core i5 7200U 2.5GHz,4GB,500GB HDD,Intel HD Graphics 620,Windows 10,1.26kg,81997.92
1012,HP,Notebook,14.0,Full HD 1920x1080,Intel Core i5 7200U 2.5GHz,4GB,256GB SSD,Intel HD Graphics 620,Windows 10,1.48kg,84715.2
1013,HP,Ultrabook,14.0,Full HD 1920x1080,Intel Core i7 6500U 2.5GHz,8GB,256GB SSD,Intel HD Graphics 520,Windows 10,1.54kg,100550.5488
1014,HP,Notebook,13.3,1366x768,Intel Core i3 7100U 2.4GHz,4GB,500GB HDD,Intel HD Graphics 620,Windows 10,1.49kg,42624.0
1015,Toshiba,Notebook,13.3,1366x768,Intel Core i5 6200U 2.3GHz,8GB,256GB SSD,Intel HD Graphics 520,Windows 10,1.5kg,64468.799999999996
1016,HP,Notebook,15.6,1366x768,Intel Core i3 7100U 2.4GHz,4GB,256GB SSD,Intel HD Graphics 620,Windows 10,2.04kg,41025.0672
1017,Lenovo,Notebook,17.3,IPS Panel 4K Ultra HD 3840x2160,Intel Core i7 6820HQ 2.7GHz,16GB,512GB SSD,Nvidia Quadro 3000M,Windows 7,2.4kg,158135.04
1018,Toshiba,Notebook,14.0,IPS Panel Full HD 1920x1080,Intel Core i5 6200U 2.3GHz,8GB,256GB SSD,Intel HD Graphics 520,Windows 10,1.47kg,79387.2
1019,HP,Notebook,14.0,Full HD 1920x1080,Intel Core i7 6500U 2.5GHz,8GB,256GB SSD,Intel HD Graphics 520,Windows 10,1.43kg,118761.12
1020,Dell,2 in 1 Convertible,15.6,IPS Panel Full HD / Touchscreen 1920x1080,Intel Core i3 6100U 2.3GHz,4GB,1TB HDD,Intel HD Graphics 520,Windows 10,2.08kg,42410.3472
1021,Toshiba,Ultrabook,13.3,Full HD 1920x1080,Intel Core i5 6200U 2.3GHz,8GB,256GB SSD,Intel HD Graphics 520,Windows 10,1.2kg,84715.2
1022,HP,Notebook,13.3,IPS Panel Full HD 1920x1080,Intel Core i5 7200U 2.5GHz,8GB,256GB SSD,Intel HD Graphics 620,Windows 10,1.11kg,61218.72
1023,HP,Notebook,14.0,Full HD 1920x1080,Intel Core i7 7500U 2.7GHz,8GB,256GB SSD,Nvidia GeForce 930MX,Windows 10,1.64kg,63159.7104
1024,Dell,Notebook,15.6,Full HD 1920x1080,Intel Core i5 6300U 2.4GHz,8GB,500GB HDD,Intel HD Graphics 520,Windows 10,2.09kg,55754.3232
1025,HP,Ultrabook,12.5,1366x768,Intel Core i5 7200U 2.5GHz,4GB,256GB SSD,Intel HD Graphics 620,Windows 10,1.26kg,83063.52
1026,HP,Notebook,14.0,1366x768,Intel Core i5 7200U 2.5GHz,4GB,500GB HDD,Intel HD Graphics 620,Windows 10,2.31kg,63349.92
1027,HP,Notebook,14.0,1366x768,Intel Core i5 7200U 2.5GHz,4GB,500GB HDD,Intel HD Graphics 620,Windows 10,1.95kg,56476.799999999996
1028,Dell,Ultrabook,13.3,Quad HD+ / Touchscreen 3200x1800,Intel Core i5 7200U 2.5GHz,8GB,256GB SSD,Intel HD Graphics 620,Windows 10,1.29kg,86526.72
1029,HP,Notebook,17.3,Full HD 1920x1080,Intel Core i5 7200U 2.5GHz,8GB,256GB SSD,Nvidia GeForce 930MX,Windows 10,2.63kg,57542.4
1030,HP,Notebook,14.0,1366x768,Intel Core i5 7200U 2.5GHz,4GB,256GB SSD,Intel HD Graphics 620,Windows 10,1.64kg,51841.439999999995
1031,Acer,Notebook,15.6,1366x768,AMD A9-Series 9420 3GHz,6GB,1TB HDD,AMD Radeon R5,Windows 10,2.1kg,21791.52
1032,MSI,Gaming,17.3,Full HD 1920x1080,Intel Core i7 7700HQ 2.8GHz,8GB,128GB SSD +  1TB HDD,Nvidia GeForce GTX 1050,Windows 10,2.7kg,63499.10399999999
1033,HP,Notebook,14.0,Full HD 1920x1080,Intel Core i5 6200U 2.3GHz,8GB,256GB SSD,Intel HD Graphics 520,Windows 7,1.95kg,63669.6
1034,HP,Notebook,15.6,Full HD 1920x1080,Intel Core i7 6500U 2.5GHz,8GB,256GB SSD,Intel HD Graphics 520,Windows 10,1.84kg,65480.587199999994
1035,HP,Ultrabook,12.5,Full HD 1920x1080,Intel Core i7 6500U 2.5GHz,8GB,256GB SSD,Intel HD Graphics 520,Windows 10,1.26kg,71874.72
1036,HP,Notebook,15.6,1366x768,Intel Core i5 7200U 2.5GHz,4GB,500GB HDD,Intel HD Graphics 620,Windows 10,2.04kg,39533.76
1037,Toshiba,Ultrabook,14.0,IPS Panel Full HD 1920x1080,Intel Core i7 6600U 2.6GHz,8GB,256GB SSD,Intel HD Graphics 520,Windows 10,1.47kg,91908.0
1038,Dell,Notebook,15.6,Full HD 1920x1080,Intel Core i5 6300U 2.4GHz,8GB,256GB SSD,Intel HD Graphics 520,Windows 7,2.09kg,56633.976
1039,HP,Notebook,14.0,Full HD 1920x1080,Intel Core i5 7200U 2.5GHz,8GB,256GB SSD,Intel HD Graphics 620,Windows 10,1.64kg,53839.9728
1040,Lenovo,2 in 1 Convertible,15.6,IPS Panel Full HD / Touchscreen 1920x1080,Intel Core i7 6500U 2.5GHz,4GB,256GB SSD,Intel HD Graphics 520,Windows 10,1.8kg,45128.159999999996
1041,Vero,Notebook,14.0,1366x768,Intel Atom X5-Z8350 1.44GHz,2GB,32GB Flash Storage,Intel HD Graphics 400,Windows 10,1.45kg,11231.424
1042,Toshiba,Notebook,15.6,IPS Panel Full HD 1920x1080,Intel Core i7 6500U 2.5GHz,16GB,256GB SSD,Nvidia GeForce 930M,Windows 10,2.4kg,75924.0
1043,Lenovo,Notebook,15.6,Full HD 1920x1080,Intel Core i5 6200U 2.3GHz,8GB,256GB SSD,Intel HD Graphics 520,Windows 10,2.3kg,55922.687999999995
1044,HP,Notebook,14.0,Full HD 1920x1080,Intel Core i5 6200U 2.3GHz,4GB,500GB HDD,Intel HD Graphics 520,Windows 10,1.54kg,53280.0
1045,HP,Notebook,15.6,Full HD 1920x1080,Intel Core i5 6300U 2.4GHz,8GB,256GB SSD +  500GB HDD,Intel HD Graphics 520,Windows 10,1.84kg,112065.9552
1046,HP,Notebook,14.0,Full HD 1920x1080,Intel Core i5 6200U 2.3GHz,8GB,256GB SSD,Intel HD Graphics 520,Windows 7,1.43kg,78268.31999999999
1047,MSI,Gaming,17.3,IPS Panel Full HD 1920x1080,Intel Core i7 6820HK 2.7GHz,16GB,256GB SSD +  1TB HDD,Nvidia GeForce GTX 980M,Windows 10,3.78kg,82351.6992
1048,Lenovo,Gaming,17.3,IPS Panel Full HD 1920x1080,Intel Core i7 6700HQ 2.6GHz,16GB,128GB SSD +  1TB HDD,Nvidia GeForce GTX 980M,Windows 10,4.6kg,122010.66719999998
1049,Asus,Netbook,11.6,1366x768,Intel Celeron Dual Core N3060 1.6GHz,4GB,16GB Flash Storage,Intel HD Graphics 400,Chrome OS,1.2kg,15339.311999999998
1050,Lenovo,Notebook,14.0,IPS Panel 2560x1440,Intel Core i7 6600U 2.6GHz,16GB,256GB SSD,Intel HD Graphics 520,Windows 7,1.1kg,139593.6
1051,HP,Notebook,15.6,IPS Panel Full HD 1920x1080,Intel Core i7 7500U 2.7GHz,8GB,1TB HDD,Nvidia GeForce 940MX,Windows 10,1.91kg,52161.119999999995
1052,Dell,2 in 1 Convertible,15.6,IPS Panel Full HD / Touchscreen 1920x1080,Intel Core i5 7200U 2.7GHz,8GB,256GB SSD,Intel HD Graphics 620,Windows 10,2.3kg,58288.32
1053,HP,Notebook,15.6,1366x768,Intel Core i5 7200U 2.5GHz,4GB,256GB SSD,Intel HD Graphics 620,Windows 10,2.04kg,52161.119999999995
1054,Dell,Ultrabook,13.3,Quad HD+ / Touchscreen 3200x1800,Intel Core i7 7500U 2.7GHz,16GB,1TB SSD,Intel HD Graphics 620,Windows 10,1.2kg,120093.12
1055,HP,Notebook,15.6,1366x768,Intel Core i3 6100U 2.3GHz,4GB,500GB HDD,Intel HD Graphics 520,Windows 10,2.31kg,37570.392
1056,HP,Notebook,15.6,1366x768,Intel Core i5 7200U 2.5GHz,4GB,500GB HDD,Intel HD Graphics 620,No OS,1.96kg,26586.719999999998
1057,Acer,Notebook,15.6,1366x768,AMD A8-Series 7410 2.2GHz,8GB,1TB HDD,AMD Radeon R5,Windows 10,2.4kg,23922.719999999998
1058,Dell,2 in 1 Convertible,13.3,IPS Panel Full HD / Touchscreen 1920x1080,Intel Core i7 7500U 2.7GHz,12GB,256GB SSD,Intel HD Graphics 620,Windows 10,1.6kg,69210.72
1059,MSI,Gaming,15.6,Full HD 1920x1080,Intel Core i7 6700HQ 2.6GHz,16GB,256GB SSD +  1TB HDD,Nvidia GeForce GTX 1060,Windows 10,2.94kg,96916.31999999999
1060,HP,Notebook,15.6,Full HD 1920x1080,Intel Core i7 7500U 2.7GHz,8GB,256GB SSD,Intel HD Graphics 620,Windows 10,2.04kg,57009.6
1061,Asus,Gaming,17.3,IPS Panel Full HD 1920x1080,Intel Core i7 6700HQ 2.6GHz,16GB,1TB HDD,Nvidia GeForce GTX 965M,No OS,4kg,53173.439999999995
1062,Dell,Notebook,15.6,Full HD 1920x1080,Intel Core i5 7200U 2.5GHz,4GB,1TB HDD,Intel HD Graphics,Windows 10,2.25kg,29783.52
1063,Dell,Notebook,15.6,Full HD 1920x1080,Intel Core i7 7500U 2.7GHz,16GB,2TB HDD,AMD Radeon R7 M445,Windows 10,2.32kg,52746.667199999996
1064,MSI,Gaming,15.6,Full HD 1920x1080,Intel Core i7 6700HQ 2.6GHz,16GB,256GB SSD +  1TB HDD,Nvidia GeForce GTX 1060,Windows 10,1.8kg,102777.12
1065,Dell,Ultrabook,13.3,Full HD 1920x1080,Intel Core i7 7500U 2.7GHz,8GB,256GB SSD,Intel HD Graphics 620,Windows 10,1.29kg,77682.23999999999
1066,Asus,Gaming,17.3,IPS Panel Full HD 1920x1080,Intel Core i7 6820HK 2.7GHz,64GB,1TB SSD,Nvidia GeForce GTX 980 ,Windows 10,3.58kg,211788.0
1067,Dell,2 in 1 Convertible,13.3,Full HD / Touchscreen 1920x1080,Intel Core i7 6500U 2.5GHz,8GB,256GB SSD,Intel HD Graphics 520,Windows 10,1.62kg,42517.972799999996
1068,Dell,Gaming,15.6,4K Ultra HD 3840x2160,Intel Core i7 6700HQ 2.6GHz,16GB,256GB SSD +  1TB HDD,Nvidia GeForce GTX 970M,Windows 10,3.21kg,70809.12
1069,Apple,Ultrabook,12.0,IPS Panel Retina Display 2304x1440,Intel Core M 1.1GHz,8GB,256GB Flash Storage,Intel HD Graphics 515,Mac OS X,0.920kg,69264.0
1070,Dell,Notebook,15.6,1366x768,Intel Core i3 6100U 2.3GHz,4GB,500GB HDD,Intel HD Graphics 520,Windows 10,2.06kg,25679.8944
1071,HP,Notebook,15.6,1366x768,Intel Core i5 6200U 2.3GHz,4GB,500GB HDD,Intel HD Graphics 520,Windows 10,2.31kg,63882.72
1072,HP,Ultrabook,12.5,Full HD 1920x1080,Intel Core i5 6200U 2.3GHz,8GB,256GB SSD,Intel HD Graphics 520,Windows 7,1.26kg,63882.72
1073,HP,Notebook,13.3,Full HD 1920x1080,Intel Core i7 7500U 2.7GHz,8GB,256GB SSD,Intel HD Graphics 620,Windows 10,1.49kg,58075.2
1074,Lenovo,Ultrabook,12.5,IPS Panel Full HD / Touchscreen 1920x1080,Intel Core i7 6500U 2.5GHz,8GB,256GB SSD,Intel HD Graphics 520,Windows 10,1.3kg,91294.7472
1075,Lenovo,Notebook,17.3,1600x900,Intel Core i5 6200U 2.3GHz,8GB,1.0TB HDD,AMD Radeon R5 M330,Windows 10,3.0kg,35111.52
1076,Lenovo,Notebook,15.6,IPS Panel Full HD 1920x1080,Intel Core i5 6300HQ 2.3GHz,4GB,1TB HDD,Nvidia GeForce GTX 950M,Windows 10,2.3kg,52054.56
1077,MSI,Gaming,17.3,Full HD 1920x1080,Intel Core i7 7700HQ 2.8GHz,16GB,256GB SSD +  1TB HDD,Nvidia GeForce GTX 1070,Windows 10,3.78kg,133146.72
1078,Lenovo,Notebook,15.6,1366x768,Intel Core i5 6200U 2.3GHz,4GB,500GB HDD,Intel HD Graphics 520,Windows 10,2.1kg,28771.2
1079,HP,Notebook,15.6,Full HD 1920x1080,Intel Core i5 6200U 2.3GHz,4GB,500GB HDD,Intel HD Graphics 520,Windows 7,2.31kg,50083.2
1080,Lenovo,Ultrabook,12.5,IPS Panel Touchscreen 2560x1440,Intel Core M 6Y75 1.2GHz,8GB,512GB SSD,Intel HD Graphics 515,Windows 10,0.99kg,74538.72
1081,Lenovo,Gaming,17.3,IPS Panel Full HD 1920x1080,Intel Core i7 6820HK 2.7GHz,32GB,512GB SSD +  1.0TB Hybrid,Nvidia GeForce GTX 980M,Windows 10,4.6kg,172627.19999999998
1082,Lenovo,2 in 1 Convertible,10.1,IPS Panel Touchscreen 1920x1200,Intel Atom x5-Z8550 1.44GHz,4GB,64GB Flash Storage,Intel HD Graphics 400,Windows 10,0.69kg,34433.2656
1083,HP,Ultrabook,13.3,IPS Panel 4K Ultra HD 3840x2160,Intel Core i7 7500U 2.7GHz,16GB,512GB SSD,Intel HD Graphics 620,Windows 10,1.3kg,109170.72
1084,Dell,Notebook,15.6,Full HD 1920x1080,Intel Core i5 7200U 2.5GHz,8GB,256GB SSD,Intel HD Graphics 620,Windows 10,2.18kg,39960.0
1085,HP,Notebook,14.0,Full HD 1920x1080,Intel Core i5 6200U 2.3GHz,4GB,500GB HDD,Intel HD Graphics 520,Windows 7,1.54kg,54931.14719999999
1086,HP,Workstation,15.6,Full HD 1920x1080,Intel Core i7 6500U 2.5GHz,8GB,256GB SSD,AMD FirePro W4190M,Windows 7,1.9kg,79653.59999999999
1087,Lenovo,Notebook,14.0,Full HD 1920x1080,Intel Core i5 6200U 2.3GHz,8GB,180GB SSD,Intel HD Graphics 520,Windows 7,1.7kg,63882.72
1088,HP,Notebook,13.3,Quad HD+ 3200x1800,Intel Pentium Dual Core 4405Y 1.5GHz,4GB,32GB Flash Storage,Intel HD Graphics 515,Chrome OS,1.29kg,32767.199999999997
1089,Acer,Notebook,15.6,1366x768,AMD A8-Series 7410 2.2GHz,4GB,500GB HDD,AMD Radeon R5,Windows 10,2.4kg,20619.36
1090,Dell,Notebook,15.6,1366x768,Intel Pentium Quad Core N3700 1.6GHz,4GB,500GB HDD,Intel HD Graphics,Linux,2.2kg,20965.1472
1091,HP,Notebook,15.6,1366x768,Intel Core i3 6006U 2GHz,4GB,1TB HDD,Intel HD Graphics 520,No OS,1.86kg,18434.3472
1092,Asus,Gaming,17.3,IPS Panel Full HD 1920x1080,Intel Core i7 7700HQ 2.8GHz,8GB,256GB SSD +  1TB HDD,Nvidia GeForce GTX 1060,Windows 10,2.7kg,85194.72
1093,Dell,Ultrabook,13.3,IPS Panel Full HD 1920x1080,Intel Core i5 8250U 1.6GHz,4GB,256GB SSD,AMD Radeon 530,Windows 10,1.4kg,43601.688
1094,HP,Netbook,12.5,1366x768,Intel Core i5 6200U 2.3GHz,4GB,128GB SSD,Intel HD Graphics 520,Windows 7,2.4kg,85194.72
1095,Acer,Notebook,15.6,Full HD 1920x1080,Intel Core i5 7200U 2.5GHz,8GB,256GB SSD +  1TB HDD,Nvidia GeForce GTX 950M,Windows 10,2.4kg,42570.72
1096,Dell,Notebook,15.6,Full HD 1920x1080,Intel Core i5 7200U 2.5GHz,8GB,1TB HDD,AMD Radeon R7 M445,Windows 10,2.36kg,34035.263999999996
1097,MSI,Gaming,17.3,Full HD 1920x1080,Intel Core i7 6700HQ 2.6GHz,8GB,256GB SSD,Nvidia GeForce GTX 965M,Windows 10,2.6kg,85194.72
1098,HP,Notebook,15.6,1366x768,Intel Pentium Quad Core N3710 1.6GHz,4GB,1TB HDD,Intel HD Graphics 405,Windows 10,1.96kg,26640.0
1099,Asus,Gaming,17.3,IPS Panel Full HD 1920x1080,Intel Core i7 6700HQ 2.6GHz,16GB,128GB SSD +  1TB HDD,Nvidia GeForce GTX 980M,Windows 10,4.3kg,122490.72
1100,Dell,Ultrabook,12.5,1366x768,Intel Core i3 6100U 2.3GHz,4GB,500GB HDD,Intel HD Graphics 520,Windows 7,1.5kg,60480.792
1101,Dell,Ultrabook,12.5,1366x768,Intel Core i3 6100U 2.3GHz,4GB,128GB SSD,Intel HD Graphics 520,Windows 7,1.5kg,62176.1616
1102,Acer,Notebook,15.6,1366x768,Intel Celeron Dual Core 3205U 1.5GHz,4GB,16GB SSD,Intel HD Graphics,Chrome OS,2.20kg,11135.52
1103,HP,Workstation,17.3,IPS Panel Full HD 1920x1080,Intel Core i7 6700HQ 2.6GHz,8GB,1TB HDD,AMD FirePro W6150M,Windows 7,3.0kg,154458.72
1104,Lenovo,Gaming,15.6,Full HD 1920x1080,Intel Core i7 7700HQ 2.8GHz,16GB,512GB SSD,Nvidia GeForce GTX 1050 Ti,Windows 10,2.4kg,63882.72
1105,Dell,Ultrabook,12.5,1366x768,Intel Core i5 6200U 2.3GHz,8GB,256GB SSD,Intel HD Graphics 520,Windows 7,1.5kg,75289.968
1106,MSI,Gaming,17.3,Full HD 1920x1080,Intel Core i7 6700HQ 2.6GHz,8GB,128GB SSD +  1TB HDD,Nvidia GeForce GTX 960M,Windows 10,2.9kg,80516.20319999999
1107,Lenovo,2 in 1 Convertible,15.6,IPS Panel Full HD / Touchscreen 1920x1080,Intel Core i5 6200U 2.3GHz,4GB,256GB SSD,Intel HD Graphics 520,Windows 10,2.1kg,46193.759999999995
1108,HP,Notebook,15.6,Full HD 1920x1080,AMD A6-Series 9220 2.5GHz,4GB,1TB HDD,AMD Radeon R4,Windows 10,2.1kg,21205.44
1109,Asus,Gaming,15.6,IPS Panel Full HD 1920x1080,Intel Core i7 6700HQ 2.6GHz,16GB,128GB SSD +  1TB HDD,Nvidia GeForce GTX 960M,Windows 10,2.59kg,71341.92
1110,HP,Notebook,13.3,Quad HD+ / Touchscreen 3200x1800,Intel Core M 6Y54 1.1GHz,8GB,256GB SSD,Intel HD Graphics 515,Windows 10,1.16kg,90522.72
1111,Dell,Notebook,15.6,1366x768,Intel Core i5 6200U 2.3GHz,4GB,500GB HDD,AMD Radeon R5 M315,Windows 7,2.24kg,40980.312
1112,Lenovo,Notebook,15.6,1366x768,Intel Core i3 6006U 2.0GHz,4GB,128GB SSD,Intel HD Graphics 520,Windows 10,2.1kg,22857.12
1113,HP,Ultrabook,13.3,Full HD 1920x1080,Intel Core i7 6500U 2.5GHz,8GB,512GB SSD,Intel HD Graphics 520,Windows 10,1.16kg,104908.31999999999
1114,Lenovo,2 in 1 Convertible,10.1,IPS Panel Touchscreen 1920x1200,Intel Atom x5-Z8550 1.44GHz,4GB,64GB Flash Storage,Intel HD Graphics 400,Android,0.69kg,29250.719999999998
1115,Dell,Ultrabook,13.3,Full HD 1920x1080,Intel Core i7 7560U 2.4GHz,8GB,256GB SSD,Intel Iris Plus Graphics 640,Windows 10,1.23kg,73473.12
1116,Lenovo,Gaming,17.3,IPS Panel Full HD 1920x1080,Intel Core i7 6820HK 2.7GHz,16GB,256GB SSD +  1.0TB Hybrid,Nvidia GeForce GTX 980M,Windows 10,4.6kg,146519.46719999998
1117,Razer,Ultrabook,12.5,Touchscreen / 4K Ultra HD 3840x2160,Intel Core i7 6500U 2.5GHz,8GB,256GB SSD,Intel HD Graphics 520,Windows 10,1.25kg,54825.119999999995
1118,Toshiba,Ultrabook,13.3,Full HD 1920x1080,Intel Core i7 7500U 2.7GHz,16GB,512GB SSD,Intel HD Graphics 620,Windows 10,1.05kg,118601.28
1119,Asus,Gaming,17.3,Full HD 1920x1080,Intel Core i7 6700HQ 2.6GHz,8GB,128GB SSD +  1TB HDD,Nvidia GeForce GTX 960M,Windows 10,3.52kg,69929.4672
1120,Vero,Notebook,13.3,Full HD 1920x1080,Intel Atom X5-Z8350 1.44GHz,4GB,32GB Flash Storage,Intel HD Graphics 400,Windows 10,1.35kg,10442.88
1121,HP,Notebook,13.3,Full HD 1920x1080,Intel Core i5 6200U 2.3GHz,8GB,256GB SSD,Intel HD Graphics 520,Windows 10,1.16kg,90043.2
1122,HP,Notebook,14.0,Full HD 1920x1080,Intel Core i5 6200U 2.3GHz,8GB,256GB SSD,Intel HD Graphics 520,Windows 7,1.43kg,80612.64
1123,Dell,Notebook,15.6,1366x768,Intel Core i5 6200U 2.3GHz,4GB,500GB HDD,Intel HD Graphics 520,Linux,2.09kg,27899.006400000002
1124,Asus,Notebook,15.6,1366x768,Intel Core i3 7100U 2.4GHz,4GB,1TB HDD,Intel HD Graphics 620,Windows 10,2kg,23176.8
1125,Lenovo,2 in 1 Convertible,14.0,IPS Panel Full HD / Touchscreen 1920x1080,Intel Core i7 6500U 2.5GHz,8GB,256GB SSD,Intel HD Graphics 520,Windows 10,1.8kg,88924.31999999999
1126,Lenovo,2 in 1 Convertible,10.1,IPS Panel Touchscreen 1920x1200,Intel Atom x5-Z8550 1.44GHz,4GB,64GB Flash Storage,Intel HD Graphics 400,Windows 10,0.69kg,25521.12
1127,HP,Ultrabook,12.5,1366x768,Intel Core i5 6300U 2.4GHz,8GB,256GB SSD,Intel HD Graphics 520,Windows 7,1.26kg,100965.59999999999
1128,Lenovo,Gaming,15.6,IPS Panel Full HD 1920x1080,Intel Core i5 7300HQ 2.5GHz,8GB,128GB SSD +  1TB HDD,Nvidia GeForce GTX 1060,No OS,2.4kg,52693.92
1129,HP,Gaming,17.3,IPS Panel Full HD 1920x1080,Intel Core i5 6300HQ 2.3GHz,8GB,128GB SSD +  1TB HDD,Nvidia GeForce GTX 1060,Windows 10,3.35kg,60153.119999999995
1130,HP,Notebook,15.6,1366x768,Intel Core i7 7500U 2.7GHz,8GB,2TB HDD,Intel HD Graphics 620,Windows 10,2.04kg,33513.119999999995
1131,Lenovo,2 in 1 Convertible,14.0,IPS Panel Full HD / Touchscreen 1920x1080,Intel Core i7 6600U 2.6GHz,8GB,512GB SSD,Nvidia Quadro M500M,Windows 7,1.8kg,109244.24639999999
1132,Asus,Notebook,14.0,1366x768,Intel Celeron Dual Core N3350 1.1GHz,4GB,32GB Flash Storage,Intel HD Graphics 500,Windows 10,1.5kg,14811.84
1133,HP,Ultrabook,15.6,Full HD 1920x1080,Intel Core i7 7500U 2.7GHz,8GB,256GB SSD,Intel HD Graphics 620,Windows 10,1.84kg,40066.56
1134,Acer,Notebook,15.6,Full HD 1920x1080,Intel Core i5 7200U 2.5GHz,4GB,1TB HDD,Nvidia GeForce 940MX,Windows 10,2.23kg,32820.479999999996
1135,Lenovo,Notebook,15.6,Full HD 1920x1080,Intel Core i7 6500U 2.5GHz,16GB,1.0TB Hybrid,AMD Radeon R7 M360,Windows 10,2.5kg,58554.72
1136,HP,Workstation,17.3,IPS Panel Full HD 1920x1080,Intel Core i7 6700HQ 2.6GHz,8GB,256GB SSD,Nvidia Quadro M3000M,Windows 7,3kg,210424.032
1137,Dell,Notebook,15.6,1366x768,Intel Core i5 7200U 2.5GHz,8GB,1TB HDD,AMD Radeon R7 M445,Windows 10,2.5kg,41771.52
1138,MSI,Gaming,17.3,Full HD 1920x1080,Intel Core i7 6820HQ 2.7GHz,16GB,256GB SSD +  1TB HDD,Nvidia GeForce GTX 980M,Windows 10,3.78kg,127818.72
1139,HP,Ultrabook,15.6,Full HD 1920x1080,Intel Core i7 6500U 2.5GHz,8GB,256GB SSD,Intel HD Graphics 520,Windows 7,1.88kg,115709.2416
1140,Lenovo,2 in 1 Convertible,14.0,IPS Panel Touchscreen 2560x1440,Intel Core i7 6600U 2.6GHz,16GB,512GB SSD,Intel HD Graphics 520,Windows 10,2.8kg,130003.2
1141,MSI,Gaming,15.6,Full HD 1920x1080,Intel Core i7 7700HQ 2.8GHz,8GB,128GB SSD +  1TB HDD,Nvidia GeForce GTX 1050,Windows 10,2.4kg,60888.384
1142,HP,2 in 1 Convertible,13.3,Full HD / Touchscreen 1920x1080,Intel Core i5 6300U 2.4GHz,8GB,256GB SSD,Intel HD Graphics 520,Windows 10,1.48kg,86793.12
1143,HP,Workstation,15.6,IPS Panel Full HD 1920x1080,Intel Core i7 6700HQ 2.6GHz,8GB,256GB SSD,Nvidia Quadro M1000M,Windows 7,2.59kg,118761.12
1144,HP,2 in 1 Convertible,13.3,Touchscreen 2560x1440,Intel Core i7 6600U 2.6GHz,8GB,256GB SSD,Intel HD Graphics 520,Windows 10,1.48kg,95850.72
1145,HP,Workstation,15.6,Full HD 1920x1080,Intel Core i7 6700HQ 2.6GHz,8GB,256GB SSD,Nvidia Quadro M1000M,Windows 7,2.0kg,101178.72
1146,HP,Ultrabook,12.5,Full HD 1920x1080,Intel Core i7 6500U 2.50GHz,8GB,256GB SSD,Intel HD Graphics 520,Windows 7,1.26kg,122381.49599999998
1147,Dell,Notebook,15.6,Full HD 1920x1080,Intel Core i7 7500U 2.7GHz,8GB,256GB SSD,Nvidia GeForce 940MX,Windows 10,2.18kg,53807.471999999994
1148,HP,Notebook,15.6,Full HD 1920x1080,Intel Core i5 6200U 2.3GHz,8GB,256GB SSD,Intel HD Graphics 520,Windows 7,1.88kg,84129.12
1149,Lenovo,2 in 1 Convertible,14.0,IPS Panel Touchscreen 2560x1440,Intel Core i7 6500U 2.5GHz,8GB,256GB SSD,Intel HD Graphics 520,Windows 10,1.27kg,124621.92
1150,Lenovo,Notebook,15.6,1366x768,Intel Core i3 6006U 2.0GHz,4GB,1TB HDD,Intel HD Graphics 520,No OS,1.9kg,18061.92
1151,HP,Notebook,15.6,1366x768,AMD E-Series 7110 1.8GHz,4GB,500GB HDD,AMD Radeon R2 Graphics,Windows 10,1.86kg,15824.16
1152,Lenovo,Notebook,15.6,Full HD 1920x1080,Intel Core i5 6200U 2.3GHz,8GB,1TB HDD,AMD Radeon R5 M330,No OS,2.32kg,31914.719999999998
1153,Dell,Gaming,15.6,Full HD 1920x1080,Intel Core i7 7700HQ 2.8GHz,8GB,1TB HDD,Nvidia GeForce GTX 1050Ti,Windows 10,2.62kg,63882.72
1154,Dell,Notebook,15.6,IPS Panel Touchscreen / 4K Ultra HD 3840x2160,Intel Core i5 6300HQ 2.3GHz,8GB,256GB SSD,Nvidia GeForce 960M,Windows 10,2.04kg,119916.23039999999
1155,HP,Notebook,15.6,Full HD 1920x1080,AMD A6-Series A6-9220 2.5GHz,4GB,256GB SSD,AMD Radeon 520,Windows 10,1.91kg,25515.2592
1156,MSI,Gaming,17.3,Full HD 1920x1080,Intel Core i7 7700HQ 2.8GHz,16GB,256GB SSD +  1TB HDD,Nvidia GeForce GTX 1050 Ti,Windows 10,2.7kg,79536.38399999999
1157,Lenovo,Ultrabook,14.0,Full HD 1920x1080,Intel Core i7 6600U 2.6GHz,12GB,512GB SSD,Intel HD Graphics 520,Windows 7,1.4kg,122490.72
1158,Lenovo,Notebook,15.6,Full HD 1920x1080,Intel Core i5 6200U 2.3GHz,8GB,1.0TB Hybrid,AMD Radeon R5 M330,Windows 10,2.5kg,42010.7472
1159,HP,2 in 1 Convertible,13.3,Touchscreen 2560x1440,Intel Core i7 6600U 2.6GHz,8GB,512GB SSD,Intel HD Graphics 520,Windows 10,1.48kg,108744.48
1160,Lenovo,Ultrabook,14.0,Full HD 1920x1080,Intel Core i7 6600U 2.6GHz,8GB,256GB SSD,Intel HD Graphics 520,Windows 7,1.7kg,79866.72
1161,MSI,Gaming,14.0,Full HD 1920x1080,Intel Core i7 6700HQ 2.6GHz,16GB,256GB SSD +  1TB HDD,Nvidia GeForce GTX 970M,Windows 10,1.7kg,94252.31999999999
1162,HP,Gaming,15.6,IPS Panel Full HD 1920x1080,Intel Core i7 7700HQ 2.8GHz,8GB,1TB HDD,Nvidia GeForce GTX 1050,Windows 10,2.62kg,47898.72
1163,Lenovo,Notebook,15.6,1366x768,Intel Core i3 6006U 2.0GHz,8GB,1TB HDD,Intel HD Graphics 520,Windows 10,2.2kg,24455.52
1164,HP,Notebook,15.6,1366x768,Intel Core i5 6200U 2.3GHz,4GB,500GB HDD,Intel HD Graphics 520,No OS,2.1kg,25414.0272
1165,Dell,Gaming,15.6,4K Ultra HD 3840x2160,Intel Core i7 7700HQ 2.8GHz,8GB,128GB SSD +  1TB HDD,Nvidia GeForce GTX 1050 Ti,Windows 10,2.62kg,79813.44
1166,Lenovo,Notebook,15.6,IPS Panel Full HD 1920x1080,Intel Core i5 7200U 2.5GHz,8GB,256GB SSD,Intel HD Graphics 620,Windows 10,1.95kg,74059.2
1167,Lenovo,Notebook,15.6,Full HD 1920x1080,Intel Core i3 6006U 2GHz,4GB,1TB HDD,Nvidia GeForce 920MX ,Windows 10,2.2kg,24935.04
1168,HP,Notebook,14.0,1366x768,Intel Celeron Dual Core N3060 1.6GHz,2GB,32GB Flash Storage,Intel HD Graphics 400,Windows 10,1.44kg,13266.72
1169,MSI,Gaming,15.6,IPS Panel Full HD 1920x1080,Intel Core i7 7500U 2.7GHz,8GB,1TB HDD,Nvidia GeForce GTX 1050,Windows 10,2.2kg,44701.92
1170,HP,Notebook,15.6,Full HD 1920x1080,Intel Core i7 6500U 2.5GHz,8GB,256GB SSD,Intel HD Graphics 520,Windows 10,1.96kg,36177.119999999995
1171,HP,Notebook,15.6,Full HD 1920x1080,Intel Core i7 8550U 1.8GHz,16GB,512GB SSD,Intel UHD Graphics 620,Windows 10,2.1kg,61751.52
1172,Asus,Notebook,15.6,1366x768,Intel Celeron Dual Core N3050 1.6GHz,4GB,500GB HDD,Intel HD Graphics,Windows 10,2.2kg,19660.32
1173,Lenovo,Notebook,15.6,1366x768,Intel Core i5 6200U 2.3GHz,4GB,500GB HDD,Intel HD Graphics 520,No OS,2.1kg,21205.44
1174,Lenovo,Notebook,15.6,Full HD 1920x1080,Intel Core i7 7500U 2.7GHz,8GB,1TB HDD,Nvidia GeForce 940MX,No OS,2.2kg,37775.52
1175,Asus,Notebook,14.0,Full HD 1920x1080,Intel Core i3 7100U 2.4GHz,4GB,256GB SSD,Intel HD Graphics 620,Windows 10,2kg,40972.32
1176,Lenovo,Notebook,15.6,Full HD 1920x1080,Intel Core i7 6500U 2.5GHz,4GB,1.0TB Hybrid,Intel HD Graphics 520,Windows 7,2.32kg,43956.0
1177,Lenovo,Gaming,15.6,IPS Panel Full HD 1920x1080,Intel Core i7 6700HQ 2.6GHz,16GB,512GB SSD,Nvidia GeForce GTX 960,Windows 10,3.31kg,69530.4
1178,MSI,Gaming,15.6,Full HD 1920x1080,Intel Core i7 6700HQ 2.6GHz,16GB,128GB SSD +  1TB HDD,Nvidia GeForce GTX 970M,Windows 10,1.91kg,114731.5536
1179,HP,Notebook,15.6,1366x768,Intel Core i3 6100U 2.3GHz,4GB,500GB HDD,Intel HD Graphics 520,Windows 10,2.07kg,34632.0
1180,Lenovo,2 in 1 Convertible,14.0,IPS Panel Touchscreen 2560x1440,Intel Core i5 6200U 2.3GHz,8GB,256GB SSD,Intel HD Graphics 520,Windows 10,1.36kg,87219.36
1181,Lenovo,Ultrabook,15.6,Full HD 1920x1080,Intel Core i7 7500U 2.7GHz,6GB,256GB SSD,Nvidia GeForce 920M,Windows 10,1.54kg,44275.68
1182,Dell,Notebook,15.6,Full HD 1920x1080,Intel Core i7 7500U 2.7GHz,8GB,256GB SSD,Nvidia GeForce GT 940MX,Linux,1.98kg,47686.1328
1183,Acer,Notebook,15.6,1366x768,Intel Celeron Dual Core N3350 2GHz,4GB,500GB HDD,Intel HD Graphics 500,Windows 10,2.1kg,17742.239999999998
1184,HP,Notebook,15.6,IPS Panel Full HD 1920x1080,Intel Core i7 6700HQ 2.6GHz,6GB,1TB HDD,Nvidia GeForce GTX 960M,Windows 10,2.18kg,42570.72
1185,Asus,Gaming,15.6,IPS Panel Full HD 1920x1080,Intel Core i7 6700HQ 2.6GHz,8GB,256GB SSD +  1TB HDD,Nvidia GeForce GTX 960M,Windows 10,2.591kg,48431.52
1186,Dell,2 in 1 Convertible,15.6,Full HD / Touchscreen 1920x1080,Intel Core i7 7500U 2.7GHz,16GB,512GB SSD,Intel HD Graphics 620,Windows 10,2.09kg,62817.119999999995
1187,Acer,Notebook,15.6,Full HD 1920x1080,Intel Core i5 7200U 2.5GHz,4GB,256GB SSD,Nvidia GeForce 940MX,Windows 10,2.23kg,36816.479999999996
1188,Dell,Ultrabook,13.3,Quad HD+ / Touchscreen 3200x1800,Intel Core i5 6300U 2.4GHz,8GB,256GB SSD,Intel HD Graphics 520,Linux,1.23kg,58554.72
1189,Acer,Gaming,17.3,IPS Panel Full HD 1920x1080,Intel Core i7 7700HQ 2.8GHz,16GB,256GB SSD +  1TB HDD,Nvidia GeForce GTX 1070,Windows 10,4.2kg,138474.72
1190,Lenovo,Gaming,15.6,IPS Panel Full HD 1920x1080,Intel Core i5 7300HQ 2.5GHz,8GB,1TB HDD,Nvidia GeForce GTX 1050,Windows 10,2.4kg,43636.32
1191,Samsung,2 in 1 Convertible,12.3,IPS Panel Touchscreen 2400x1600,Samsung Cortex A72&A53 2.0GHz,4GB,32GB Flash Storage,ARM Mali T860 MP4,Chrome OS,1.15kg,35111.52
1192,HP,Notebook,15.6,1366x768,Intel Core i5 7200U 2.5GHz,4GB,500GB HDD,Intel HD Graphics 620,Windows 10,1.86kg,25840.8
1193,Apple,Ultrabook,12.0,IPS Panel Retina Display 2304x1440,Intel Core M 1.1GHz,8GB,256GB Flash Storage,Intel HD Graphics 5300,Mac OS X,0.920kg,61964.64
1194,Dell,2 in 1 Convertible,13.3,IPS Panel Full HD / Touchscreen 1920x1080,Intel Core i5 7200U 2.5GHz,8GB,256GB SSD,Intel HD Graphics 620,Windows 10,1.6kg,63882.72
1195,HP,Notebook,15.6,IPS Panel Full HD 1920x1080,Intel Core i7 7700HQ 2.8GHz,12GB,128GB SSD +  1TB HDD,Nvidia GeForce GTX 1050,Windows 10,2.21kg,70702.56
1196,Lenovo,Notebook,15.6,1366x768,Intel Core i3 6006U 2GHz,4GB,1TB HDD,AMD Radeon R5 M430,No OS,1.9kg,19607.04
1197,Asus,Gaming,17.3,IPS Panel Full HD 1920x1080,Intel Core i7 6700HQ 2.6GHz,16GB,512GB SSD +  1TB HDD,Nvidia GeForce GTX 980M,Windows 10,4.3kg,114552.0
1198,Acer,Notebook,15.6,1366x768,Intel Celeron Dual Core N3350 2GHz,4GB,1TB HDD,Intel HD Graphics 500,Linux,2.1kg,14492.16
1199,MSI,Gaming,17.3,Full HD 1920x1080,Intel Core i7 7700HQ 2.8GHz,16GB,256GB SSD +  1TB HDD,Nvidia GeForce GTX 1060,Windows 10,2.43kg,109165.392
1200,Dell,Notebook,15.6,1366x768,Intel Core i3 6006U 2.0GHz,4GB,128GB SSD,AMD Radeon R7 M440,Windows 10,2.3kg,26586.719999999998
1201,Lenovo,Notebook,15.6,1366x768,Intel Core i7 6500U 2.5GHz,8GB,500GB HDD,Nvidia GeForce 920MX,No OS,2.2kg,33513.119999999995
1202,Dell,2 in 1 Convertible,15.6,Full HD / Touchscreen 1920x1080,Intel Core i7 8550U 1.8GHz,16GB,512GB SSD,Intel UHD Graphics 620,Windows 10,2kg,68464.8
1203,Dell,Ultrabook,13.3,Quad HD+ / Touchscreen 3200x1800,Intel Core i7 7500U 2.7GHz,16GB,512GB SSD,Intel HD Graphics 620,Windows 10,1.2kg,142790.4
1204,Asus,Gaming,15.6,Full HD 1920x1080,Intel Core i7 6700HQ 2.6GHz,8GB,1TB HDD,Nvidia GeForce GTX 1060,Windows 10,2.2kg,62284.32
1205,Dell,Notebook,15.6,Full HD 1920x1080,Intel Core i5 7200U 2.5GHz,8GB,256GB SSD,AMD Radeon R7 M445,Windows 10,2.36kg,47365.92
1206,HP,Notebook,15.6,1366x768,Intel Core i5 7200U 2.5GHz,8GB,256GB SSD,Intel HD Graphics 620,Windows 10,1.91kg,30849.12
1207,Lenovo,Notebook,15.6,1366x768,AMD E-Series 9000 2.2GHz,4GB,500GB HDD,AMD Radeon R2 Graphics,Windows 10,2.2kg,15930.72
1208,Acer,Notebook,17.3,1600x900,Intel Core i3 6006U 2.0GHz,8GB,1TB HDD,Nvidia GeForce 940MX,Windows 10,3.3kg,33513.119999999995
1209,Asus,Gaming,15.6,Full HD 1920x1080,Intel Core i7 7700HQ 2.8GHz,16GB,256GB SSD +  1TB HDD,Nvidia GeForce GTX 1070,Windows 10,2.2kg,130482.72
1210,Apple,Ultrabook,12.0,IPS Panel Retina Display 2304x1440,Intel Core M 1.2GHz,8GB,512GB Flash Storage,Intel HD Graphics 515,Mac OS X,0.920kg,68145.12
1211,Asus,Notebook,15.6,Full HD 1920x1080,Intel Core i7 7700HQ 2.8GHz,16GB,128GB SSD +  1TB HDD,Nvidia GeForce GTX 1060,Windows 10,2.2kg,93186.72
1212,MSI,Gaming,17.3,IPS Panel Full HD 1920x1080,Intel Core i7 6700HQ 2.6GHz,16GB,256GB SSD +  1TB HDD,Nvidia GeForce GTX 1060,Windows 10,2.43kg,103842.1872
1213,Dell,2 in 1 Convertible,15.6,IPS Panel Full HD / Touchscreen 1920x1080,Intel Core i5 7200U 2.5GHz,8GB,256GB SSD,Intel HD Graphics 620,Windows 10,2.191kg,53226.72
1214,Asus,Gaming,17.3,Full HD 1920x1080,Intel Core i7 7700HQ 2.8GHz,16GB,256GB SSD +  1TB HDD,Nvidia GeForce GTX 1060,Windows 10,2.9kg,103842.72
1215,Acer,Netbook,11.6,1366x768,Intel Celeron Dual Core 3205U 1.5GHz,2GB,32GB SSD,Intel HD Graphics,Chrome OS,1.3kg,9270.72
1216,Acer,Notebook,17.3,1600x900,Intel Core i3 6006U 2GHz,4GB,1TB HDD,Nvidia GeForce 940MX,Windows 10,3.3kg,31861.44
1217,Lenovo,Notebook,17.3,1600x900,Intel Core i5 7200U 2.5GHz,8GB,1TB HDD,Intel HD Graphics 620,No OS,2.8kg,28717.92
1218,Lenovo,Gaming,15.6,IPS Panel Full HD 1920x1080,Intel Core i7 6700HQ 2.6GHz,8GB,128GB SSD +  1TB HDD,Nvidia GeForce GTX 960<U+039C>,Windows 10,2.6kg,67772.16
1219,Acer,2 in 1 Convertible,14.0,IPS Panel Full HD / Touchscreen 1920x1080,Intel Core i7 7Y75 1.3GHz,8GB,256GB SSD,Intel HD Graphics 615,Windows 10,1.2kg,61218.72
1220,Lenovo,Notebook,15.6,IPS Panel Full HD 1920x1080,Intel Core i7 6600U 2.6GHz,8GB,256GB SSD,Intel HD Graphics 520,Windows 10,2.3kg,81465.12
1221,MSI,Gaming,15.6,Full HD 1920x1080,Intel Core i7 6700HQ 2.6GHz,8GB,128GB SSD +  1TB HDD,Nvidia GeForce GTX 1060,Windows 10,2.2kg,78647.1408
1222,HP,Notebook,15.6,Full HD 1920x1080,AMD A12-Series 9720P 2.7GHz,6GB,1TB HDD,AMD Radeon 530,Windows 10,2.1kg,28185.12
1223,Dell,Ultrabook,12.5,Full HD / Touchscreen 1920x1080,Intel Core i5 6300U 2.4GHz,8GB,256GB SSD,Intel HD Graphics 520,Windows 7,1.26kg,91288.35359999999
1224,Dell,2 in 1 Convertible,15.0,Full HD / Touchscreen 1920x1080,Intel Core i3 7100U 2.4GHz,4GB,500GB HDD,Intel HD Graphics 620,Windows 10,2.08kg,27119.52
1225,Asus,Notebook,15.6,1366x768,Intel Pentium Quad Core N3710 1.6GHz,4GB,1TB HDD,Intel HD Graphics 405,Windows 10,2.65kg,16463.52
1226,Dell,Ultrabook,13.3,Quad HD+ / Touchscreen 3200x1800,Intel Core i7 7500U 2.7GHz,8GB,256GB SSD,Intel HD Graphics 620,Windows 10,1.29kg,78694.56
1227,Dell,Notebook,15.6,1366x768,Intel Core i5 7200U 2.5GHz,4GB,1TB HDD,Intel HD Graphics 520,Linux,2.18kg,27804.7008
1228,Lenovo,Gaming,15.6,IPS Panel Full HD / Touchscreen 1920x1080,Intel Core i7 6700HQ 2.6GHz,16GB,128GB SSD +  1TB HDD,Nvidia GeForce GTX 960M,Windows 10,2.6kg,54825.119999999995
1229,MSI,Gaming,15.6,Full HD 1920x1080,Intel Core i7 7700HQ 2.8GHz,8GB,128GB SSD +  1TB HDD,Nvidia GeForce GTX 1050,Windows 10,2.2kg,61218.72
1230,Lenovo,Netbook,12.5,IPS Panel Full HD / Touchscreen 1920x1080,Intel Core i7 6500U 2.50GHz,16GB,512GB SSD,Intel HD Graphics 520,Windows 10,1.3kg,87912.0
1231,Razer,Gaming,14.0,Full HD 1920x1080,Intel Core i7 7700HQ 2.8GHz,16GB,1TB SSD,Nvidia GeForce GTX 1060,Windows 10,1.95kg,186426.72
1232,Dell,Notebook,15.6,Touchscreen 1366x768,Intel Core i3 7100U 2.4GHz,8GB,1TB HDD,Intel HD Graphics 620,Windows 10,2.3kg,24988.852799999997
1233,MSI,Gaming,17.3,Full HD 1920x1080,Intel Core i7 7700HQ 2.8GHz,16GB,256GB SSD +  1TB HDD,Nvidia GeForce GTX 1060,Windows 10,2.7kg,85141.44
1234,Apple,Ultrabook,11.6,1366x768,Intel Core i5 1.6GHz,4GB,256GB Flash Storage,Intel HD Graphics 6000,Mac OS X,1.08kg,51095.52
1235,HP,Notebook,15.6,Full HD 1920x1080,Intel Core i3 6006U 2GHz,4GB,1TB HDD,Intel HD Graphics 520,Windows 10,2.1kg,25467.84
1236,HP,Ultrabook,14.0,2560x1440,Intel Core i7 6500U 2.5GHz,8GB,256GB SSD,Intel HD Graphics 520,Windows 7,1.54kg,117119.56319999999
1237,Dell,Notebook,15.6,1366x768,Intel Core i5 6200U 2.3GHz,4GB,500GB HDD,Intel HD Graphics 520,Windows 7,2.24kg,39267.36
1238,MSI,Gaming,15.6,Full HD 1920x1080,Intel Core i7 6700HQ 2.6GHz,8GB,128GB SSD +  1TB HDD,Nvidia GeForce GTX 960M,Windows 10,2.3kg,62284.32
1239,Lenovo,Notebook,13.3,IPS Panel Full HD 1920x1080,Intel Core i7 7500U 2.7GHz,16GB,512GB SSD,Intel HD Graphics 620,Windows 10,1.4kg,79866.72
1240,Lenovo,Notebook,15.6,Full HD 1920x1080,AMD A12-Series 9720P 3.6GHz,6GB,256GB SSD,AMD Radeon 530,Windows 10,2.2kg,31838.529599999998
1241,Asus,Ultrabook,13.3,Full HD 1920x1080,Intel Core i7 6500U 2.5GHz,8GB,256GB SSD,Intel HD Graphics 520,Windows 10,1.45kg,68198.4
1242,Acer,Notebook,15.6,1366x768,Intel Core i3 6006U 2.0GHz,4GB,500GB HDD,Intel HD Graphics 520,Linux,2.4kg,19276.704
1243,Dell,2 in 1 Convertible,17.3,Full HD / Touchscreen 1920x1080,Intel Core i7 7500U 2.7GHz,16GB,512GB SSD,Nvidia GeForce 940MX,Windows 10,2.77kg,95850.72
1244,HP,Notebook,14.0,Full HD 1920x1080,Intel Core i5 6200U 2.3GHz,4GB,256GB SSD,Intel HD Graphics 520,Windows 7,1.54kg,58607.46719999999
1245,Asus,Gaming,15.6,IPS Panel Full HD 1920x1080,Intel Core i7 7700HQ 2.8GHz,16GB,256GB SSD +  1TB HDD,Nvidia GeForce GTX 1050 Ti,Windows 10,2.5kg,85248.0
1246,Dell,Notebook,14.0,1366x768,Intel Core i5 7200U 2.5GHz,4GB,500GB HDD,Intel HD Graphics 620,Windows 10,1.6kg,46620.0
1247,Asus,Gaming,15.6,IPS Panel Full HD 1920x1080,Intel Core i7 6700HQ 2.6GHz,16GB,256GB SSD +  1TB HDD,Nvidia GeForce GTX 1070,Windows 10,2.34kg,123876.0
1248,Lenovo,Notebook,15.6,IPS Panel Full HD 1920x1080,Intel Core i5 7200U 2.5GHz,8GB,256GB SSD,Intel HD Graphics 620,No OS,2.3kg,30529.44
1249,Dell,2 in 1 Convertible,13.3,Quad HD+ / Touchscreen 3200x1800,Intel Core i5 7Y54 1.2GHz,8GB,256GB SSD,Intel HD Graphics 615,Windows 10,1.24kg,96596.64
1250,Dell,Notebook,15.6,1366x768,Intel Pentium Quad Core N3710 1.6GHz,4GB,500GB HDD,Intel HD Graphics,Linux,2.2kg,17262.72
1251,HP,Notebook,15.6,1366x768,AMD A6-Series 9220 2.5GHz,4GB,500GB HDD,AMD Radeon R4 Graphics,Windows 10,1.86kg,21258.719999999998
1252,Lenovo,Notebook,15.6,Full HD 1920x1080,Intel Core i3 6100U 2.3GHz,6GB,128GB SSD,Nvidia GeForce 920MX,Windows 10,2.4kg,30316.32
1253,Lenovo,Notebook,14.0,IPS Panel Full HD 1920x1080,Intel Core i5 6200U 2.3GHz,8GB,256GB SSD,Intel HD Graphics 520,Windows 10,1.9kg,57116.159999999996
1254,Dell,Notebook,15.6,1366x768,Intel Pentium Quad Core N3700 1.6GHz,4GB,500GB HDD,Intel HD Graphics,Windows 10,2.2kg,23655.7872
1255,Asus,Notebook,15.6,1366x768,Intel Celeron Dual Core N3350 1.1GHz,4GB,1TB HDD,Intel HD Graphics 500,Windows 10,2kg,18061.92
1256,Asus,Gaming,17.3,IPS Panel Full HD 1920x1080,Intel Core i7 6700HQ 2.6GHz,16GB,128GB SSD +  1TB HDD,Nvidia GeForce GTX 970M,Windows 10,4.0kg,101232.0
1257,Dell,Notebook,15.6,1366x768,Intel Core i3 6006U 2GHz,4GB,500GB HDD,Intel HD Graphics 520,Windows 10,2.29kg,26107.2
1258,Lenovo,Notebook,15.6,Full HD 1920x1080,Intel Core i7 6500U 2.5GHz,8GB,1.0TB Hybrid,AMD Radeon R5 M330,Windows 7,2.32kg,47685.6
1259,MSI,Gaming,15.6,Full HD 1920x1080,Intel Core i7 6700HQ 2.6GHz,8GB,128GB SSD +  1TB HDD,Nvidia GeForce GTX 960M,Windows 10,2.4kg,65481.119999999995
1260,Lenovo,2 in 1 Convertible,14.0,Full HD / Touchscreen 1920x1080,Intel Core i5 6200U 2.3GHz,4GB,128GB SSD,Intel HD Graphics 520,Windows 10,1.8kg,44382.7728
1261,Asus,Ultrabook,13.3,IPS Panel Full HD 1920x1080,Intel Core M 6Y30 0.9GHz,8GB,512GB SSD,Intel HD Graphics 515,Windows 10,1.2kg,38841.119999999995
1262,Dell,Notebook,15.6,1366x768,Intel Core i3 7100U 2.4GHz,6GB,1TB HDD,Intel HD Graphics 620,Windows 10,2.3kg,24455.52
1263,Acer,Notebook,15.6,1366x768,Intel Celeron Dual Core N3060 1.6GHz,4GB,500GB HDD,Intel HD Graphics 400,Linux,2.4kg,15397.92
1264,Dell,Notebook,15.6,1366x768,Intel Celeron Dual Core N3050 1.6GHz,2GB,500GB HDD,Intel HD Graphics,Windows 10,2.20kg,20193.12
1265,Lenovo,Notebook,15.6,IPS Panel Full HD 1920x1080,Intel Core i7 6700HQ 2.6GHz,8GB,1TB HDD,Nvidia GeForce GTX 960M,Windows 10,2.6kg,47898.72
1266,HP,Notebook,15.6,Full HD 1920x1080,AMD A9-Series 9410 2.9GHz,6GB,1.0TB Hybrid,AMD Radeon R7 M440,Windows 10,2.04kg,29303.4672
1267,Dell,Notebook,15.6,1366x768,Intel Core i7 7500U 2.7GHz,8GB,1TB HDD,AMD Radeon R5 M430,Linux,2.3kg,42943.1472
1268,HP,Netbook,11.6,1366x768,Intel Celeron Dual Core N3060 1.6GHz,2GB,32GB Flash Storage,Intel HD Graphics 400,Windows 10,1.17kg,11135.52
1269,Asus,Notebook,15.6,1366x768,Intel Core i7 6500U 2.5GHz,4GB,500GB HDD,Nvidia GeForce 920M,Windows 10,2.2kg,38378.6496
1270,Lenovo,2 in 1 Convertible,14.0,IPS Panel Full HD / Touchscreen 1920x1080,Intel Core i7 6500U 2.5GHz,4GB,128GB SSD,Intel HD Graphics 520,Windows 10,1.8kg,33992.64
1271,Lenovo,2 in 1 Convertible,13.3,IPS Panel Quad HD+ / Touchscreen 3200x1800,Intel Core i7 6500U 2.5GHz,16GB,512GB SSD,Intel HD Graphics 520,Windows 10,1.3kg,79866.72
1272,Lenovo,Notebook,14.0,1366x768,Intel Celeron Dual Core N3050 1.6GHz,2GB,64GB Flash Storage,Intel HD Graphics,Windows 10,1.5kg,12201.119999999999
1273,HP,Notebook,15.6,1366x768,Intel Core i7 6500U 2.5GHz,6GB,1TB HDD,AMD Radeon R5 M330,Windows 10,2.19kg,40705.92
1274,Asus,Notebook,15.6,1366x768,Intel Celeron Dual Core N3050 1.6GHz,4GB,500GB HDD,Intel HD Graphics,Windows 10,2.2kg,19660.32
1275,Asus,Ultrabook,13.3,IPS Panel Full HD 1920x1080,Intel Core M 6Y30 0.9GHz,8GB,512GB SSD,Intel HD Graphics 515,Windows 10,1.2kg,38841.119999999995
1276,Dell,Notebook,15.6,1366x768,Intel Core i3 7100U 2.4GHz,6GB,1TB HDD,Intel HD Graphics 620,Windows 10,2.3kg,24455.52
1277,Acer,Notebook,15.6,1366x768,Intel Celeron Dual Core N3060 1.6GHz,4GB,500GB HDD,Intel HD Graphics 400,Linux,2.4kg,15397.92
1278,Dell,Notebook,15.6,1366x768,Intel Celeron Dual Core N3050 1.6GHz,2GB,500GB HDD,Intel HD Graphics,Windows 10,2.20kg,20193.12
1279,Lenovo,Notebook,15.6,IPS Panel Full HD 1920x1080,Intel Core i7 6700HQ 2.6GHz,8GB,1TB HDD,Nvidia GeForce GTX 960M,Windows 10,2.6kg,47898.72
1280,HP,Notebook,15.6,Full HD 1920x1080,AMD A9-Series 9410 2.9GHz,6GB,1.0TB Hybrid,AMD Radeon R7 M440,Windows 10,2.04kg,29303.4672
1281,Dell,Notebook,15.6,1366x768,Intel Core i7 7500U 2.7GHz,8GB,1TB HDD,AMD Radeon R5 M430,Linux,2.3kg,42943.1472
1282,HP,Netbook,11.6,1366x768,Intel Celeron Dual Core N3060 1.6GHz,2GB,32GB Flash Storage,Intel HD Graphics 400,Windows 10,1.17kg,11135.52
1283,Asus,Notebook,15.6,1366x768,Intel Core i7 6500U 2.5GHz,4GB,500GB HDD,Nvidia GeForce 920M,Windows 10,2.2kg,38378.6496
1284,Lenovo,2 in 1 Convertible,14.0,IPS Panel Full HD / Touchscreen 1920x1080,Intel Core i7 6500U 2.5GHz,4GB,128GB SSD,Intel HD Graphics 520,Windows 10,1.8kg,33992.64
1285,Lenovo,2 in 1 Convertible,13.3,IPS Panel Quad HD+ / Touchscreen 3200x1800,Intel Core i7 6500U 2.5GHz,16GB,512GB SSD,Intel HD Graphics 520,Windows 10,1.3kg,79866.72
1286,Lenovo,Notebook,14.0,1366x768,Intel Celeron Dual Core N3050 1.6GHz,2GB,64GB Flash Storage,Intel HD Graphics,Windows 10,1.5kg,12201.119999999999
1287,HP,Notebook,15.6,1366x768,Intel Core i7 6500U 2.5GHz,6GB,1TB HDD,AMD Radeon R5 M330,Windows 10,2.19kg,40705.92
1288,Asus,Notebook,15.6,1366x768,Intel Celeron Dual Core N3050 1.6GHz,4GB,500GB HDD,Intel HD Graphics,Windows 10,2.2kg,19660.32
1289,Asus,Ultrabook,13.3,IPS Panel Full HD 1920x1080,Intel Core M 6Y30 0.9GHz,8GB,512GB SSD,Intel HD Graphics 515,Windows 10,1.2kg,38841.119999999995
1290,Dell,Notebook,15.6,1366x768,Intel Core i3 7100U 2.4GHz,6GB,1TB HDD,Intel HD Graphics 620,Windows 10,2.3kg,24455.52
1291,Acer,Notebook,15.6,1366x768,Intel Celeron Dual Core N3060 1.6GHz,4GB,500GB HDD,Intel HD Graphics 400,Linux,2.4kg,15397.92
1292,Dell,Notebook,15.6,1366x768,Intel Celeron Dual Core N3050 1.6GHz,2GB,500GB HDD,Intel HD Graphics,Windows 10,2.20kg,20193.12
1293,Lenovo,Notebook,15.6,IPS Panel Full HD 1920x1080,Intel Core i7 6700HQ 2.6GHz,8GB,1TB HDD,Nvidia GeForce GTX 960M,Windows 10,2.6kg,47898.72
1294,HP,Notebook,15.6,Full HD 1920x1080,AMD A9-Series 9410 2.9GHz,6GB,1.0TB Hybrid,AMD Radeon R7 M440,Windows 10,2.04kg,29303.4672
1295,Dell,Notebook,15.6,1366x768,Intel Core i7 7500U 2.7GHz,8GB,1TB HDD,AMD Radeon R5 M430,Linux,2.3kg,42943.1472
1296,HP,Netbook,11.6,1366x768,Intel Celeron Dual Core N3060 1.6GHz,2GB,32GB Flash Storage,Intel HD Graphics 400,Windows 10,1.17kg,11135.52
1297,Asus,Notebook,15.6,1366x768,Intel Core i7 6500U 2.5GHz,4GB,500GB HDD,Nvidia GeForce 920M,Windows 10,2.2kg,38378.6496
1298,Lenovo,2 in 1 Convertible,14.0,IPS Panel Full HD / Touchscreen 1920x1080,Intel Core i7 6500U 2.5GHz,4GB,128GB SSD,Intel HD Graphics 520,Windows 10,1.8kg,33992.64
1299,Lenovo,2 in 1 Convertible,13.3,IPS Panel Quad HD+ / Touchscreen 3200x1800,Intel Core i7 6500U 2.5GHz,16GB,512GB SSD,Intel HD Graphics 520,Windows 10,1.3kg,79866.72
1300,Lenovo,Notebook,14.0,1366x768,Intel Celeron Dual Core N3050 1.6GHz,2GB,64GB Flash Storage,Intel HD Graphics,Windows 10,1.5kg,12201.119999999999
1301,HP,Notebook,15.6,1366x768,Intel Core i7 6500U 2.5GHz,6GB,1TB HDD,AMD Radeon R5 M330,Windows 10,2.19kg,40705.92
1302,Asus,Notebook,15.6,1366x768,Intel Celeron Dual Core N3050 1.6GHz,4GB,500GB HDD,Intel HD Graphics,Windows 10,2.2kg,19660.32
